dried,expired,robber,wig
juicy,nervous,driver,jeans
mother’s,sweaty,gardener,sandals
sister’s,obese,postman,socks
rural,dead,teacher,thighs
forest,bloody,firefighter,elbows
field,amateur,priest,ears
marine,proffessional,lemonade,chair
lake,natural,bottle,sewer
gas,tooth,gorilla,gangster
electric,hand-,spinach,hat
children’s,eye-,wardrobe,party
rubber,upside-down,burger,scar
vomit-covered,beef,holiday,grenade
dance,infinite,bus,balls
police,imaginary,brother,shards
vanilla,cosmic,sister,alarm
spring,legendary,cousin,basement
winter,automatic,grandparents,wings
cheap,manual,children,rocket
almond,free,bike,ostrich
mountain,premium,pizza,walrus
duck,borrowed,excavator,trumpet
cat,rental,friend,nails
dog,stolen,bedsheet,violin
werewolf,singing,hotel,vagina
skinny,stuck,bathtub,death
water,rotten,toilet,crackers
air,soaking wet,shower,cockroach
vegan,camouflage,plate,stork
nuclear,inflatable,glass,butt
chemical,scratch-out,balcony,fingers
dairy,salad,diarrhea,hair
mouldy,school,avocado,gun
self-propelled,exclusive,vibrator,festival
itchy,underwater,pistol,brows
glowing,rusty,lipstick,wizard
peanut-butter,leaking,bernardin,paint
local,horny,horse,breast
global,burning,pillow,monster
dangerous
interesting
absurd
scary
healthy
educational
stinky
exciting
expensive
offensive
pleasant
useful
effective
essential
antisocial
addictive
nutritious
depressive
intelligent
original
cold
warm
perverted
ironic
awkward
unfortunate